<?xml version="1.0"?>
<?xml-stylesheet type="text/xsl" href="configuration.xsl"?>

<!-- Put site-specific property overrides in this file. -->

<configuration>
<!-- HTTP properties -->
 <property>
     <name>http.agent.name</name>
     <value>nutch-2.4-crawler</value>
 </property>
 <property>
     <name>http.agent.host</name>
     <value>servicenow.kadanza.com</value>
     <description>Name or IP address of the host on which the Nutch crawler
        would be running. Currently this is used by 'protocol-httpclient'
        plugin.
     </description>
 </property>
 <property>
     <name>http.timeout</name>
     <value>60000</value>
     <description>The default network timeout, in milliseconds.</description>
 </property>
 <property>
     <name>http.max.delays</name>
     <value>100</value>
     <description>The number of times a thread will delay when trying to
     fetch a page.  Each time it finds that a host is busy, it will wait
     fetcher.server.delay.  After http.max.delays attepts, it will give
     up on the page for now.</description>
 </property>
 <property>
     <name>http.content.limit</name>
     <value>-1</value>
     <description>The length limit for downloaded content using the http/https
     protocols, in bytes. If this value is nonnegative (>=0), content longer
     than it will be truncated; otherwise, no truncation at all. Do not
     confuse this setting with the file.content.limit setting.
    </description>
 </property>
 <property>
    <name>http.verbose</name>
    <value>true</value>
    <description>If true, HTTP will log more verbosely.</description>
 </property>
 <property>
    <name>http.redirect.max</name>
    <value>1000</value>
    <description>The maximum number of redirects the fetcher will follow when
     trying to fetch a page. If set to negative or 0, fetcher won't immediately
     follow redirected URLs, instead it will record them for later fetching.
    </description>
 </property>
 <property>
     <name>http.robots.agents</name>
     <value>nutch-2.4-crawler,*</value>
 </property>
 <property>
    <name>storage.data.store.class</name>
    <value>org.apache.gora.mongodb.store.MongoStore</value>
    <description>Default class for storing data</description>
 </property>
 <property>
    <name>plugin.includes</name>
    <value>protocol-httpclient|urlfilter-regex|parse-tika|index-(basic|anchor)|nutch-extensionpoints|scoring-opic|urlnormalizer-(pass|regex|basic)protocol-http|indexer-solr|headings</value>
 </property>
<!-- web db properties -->
 <property>
    <name>db.ignore.external.links</name>
    <value>true</value>
 </property>
 <property>
     <name>db.ignore.internal.links</name>
     <value>false</value>
     <description>If true, when adding new links to a page, links from
     the same host are ignored.  This is an effective way to limit the
     size of the link database, keeping only the highest quality links.
     </description>
 </property>
<property>
  <name>fetcher.verbose</name>
  <value>true</value>
  <description>If true, fetcher will log more verbosely.</description>
</property>
<property>
  <name>fetcher.parse</name>
  <value>true</value>
  <description>If true, fetcher will parse content. NOTE: previous releases would
  default to true. Since 2.0 this is set to false as a safer default.</description>
</property>
<property>
  <name>fetcher.follow.outlinks.depth</name>
  <value>4</value>
  <description>(EXPERT)When fetcher.parse is true and this value is greater than 0 the fetcher will extract outlinks
  and follow until the desired depth is reached. A value of 1 means all generated pages are fetched and their first degree
  outlinks are fetched and parsed too. Be careful, this feature is in itself agnostic of the state of the CrawlDB and does not
  know about already fetched pages. A setting larger than 2 will most likely fetch home pages twice in the same fetch cycle.
  It is highly recommended to set db.ignore.external.links to true to restrict the outlink follower to URL's within the same
  domain. When disabled (false) the feature is likely to follow duplicates even when depth=1.
  A value of -1 of 0 disables this feature.
  </description>
</property>
<property>
  <name>generate.max.count</name>
  <value>1000</value>
  <description>The maximum number of urls in a single
  fetchlist.  -1 if unlimited. The urls are counted according
  to the value of the parameter generator.count.mode.
  </description>
</property>
 <property>
    <name>webgui.auth.users</name>
    <value>admin|admin,user|user</value>
    <description>
      Username, password combination for Web GUI  authentication.
      Username and password should be delimited by pipe character (|)
      Every user should be separated with comma character (,). i.e. admin|admin,user|user.
      Default is admin|admin,user|user
    </description>
  </property>
<!-- Headings plugin properties -->

<property>
  <name>headings</name>
  <value>h1,h2</value>
  <description>Comma separated list of headings to retrieve from the document</description>
</property>

<property>
  <name>headings.multivalued</name>
  <value>false</value>
  <description>Whether to support multivalued headings.</description>
</property>

<property>
  <name>parser.html.outlinks.ignore_tags</name>
  <value>img,script</value>
  <description>Comma separated list of HTML tags, from which outlinks
  shouldn't be extracted. Nutch takes links from: a, area, form, frame,
  iframe, script, link, img. If you add any of those tags here, it
  won't be taken. Default is empty list. Probably reasonable value
  for most people would be "img,script,link".</description>
</property>

<property>
  <name>parser.html.line.separators</name>
  <value>article,aside,blockquote,canvas,dd,div,dl,dt,fieldset,figcaption,figure,footer,form,h1,h2,h3,h4,h5,h6,header,hr,li,main,nav,noscript,ol,output,p,pre,section,table,tfoot,ul,video</value>
 <description>Comma separated list of HTML tags. Newline will be added to the
  parsed text after these tages.
  The default list above are the block-level HTML elements.
  Tags must be in lower case.
  To disable this feature, leave the list empty.</description>
</property>

<!-- tika properties -->
<property>
 <name>tika.config.file</name>
 <value>tika-config.xml</value>
 <description>Nutch-specific Tika config file</description>
</property>

<property>
  <name>tika.uppercase.element.names</name>
  <value>true</value>
  <description>Determines whether TikaParser should uppercase the element name while generating the DOM
  for a page, as done by Neko (used per default by parse-html)(see NUTCH-1592).
  </description>
</property>

<property>
  <name>tika.extractor</name>
  <value>boilerpipe</value>
  <description>
  Which text extraction algorithm to use. Valid values are: boilerpipe or none.
  </description>
</property>

<property>
  <name>tika.extractor.boilerpipe.algorithm</name>
  <value>ArticleExtractor</value>
  <description>
  Which Boilerpipe algorithm to use. Valid values are: DefaultExtractor, ArticleExtractor
  or CanolaExtractor.
  </description>
</property>

<property>
  <name>tika.extractor.boilerpipe.mime.types</name>
  <value>text/html,application/xhtml+xml</value>
  <description>
    Comma-separated list of MIME types accepted for Boilerpipe extraction,
    documents of other MIME types are not passed to the Boilerpipe extractor.
  </description>
</property>

<property>
  <name>parser.html.impl</name>
  <value>tagsoup</value>
  <description>HTML Parser implementation. Currently the following keywords
  are recognized: "neko" uses NekoHTML, "tagsoup" uses TagSoup.
  </description>
</property>
<!-- solr index properties -->

<property>
  <name>solr.server.type</name>
  <value>http</value>
  <description>
    Specifies the SolrServer implementation to use. This is a string value
    of one of the following 'cloud', 'concurrent', 'http' or 'lb'.
    The values represent CloudSolrServer, ConcurrentUpdateSolrServer, 
    HttpSolrServer or LBHttpSolrServer respectively.
  </description>
</property>
<property>
  <name>solr.server.url</name>
  <value>http://localhost:8983/solr/nutch</value>
  <description>
      Defines the Solr URL into which data should be indexed using the
      indexer-solr plugin.
  </description>
</property>

<property>
  <name>solr.zookeeper.url</name>
  <value></value>
  <description>
      Defines the Zookeeper URL which is an essential setting to be used 
      when using SolrCloud. This should be a fully qualified URL similar to
      the property provided within 'solr.server.url' above.
  </description>
</property>

<property>
  <name>solr.loadbalance.urls</name>
  <value></value>
  <description>
      A comma-separated value representing the Solr servers to be used when
      initiating LBHttpSolrServer as the SolrServer implementation. 
  </description>
</property>
</configuration>
